mean_mindful,sd_mindful,mean_achievement,sd_achievement,mean_stress,sd_stress
6.902749874434957,1.5524990907736465,38.04888888888889,5.736268752274431,30.986452584044155,6.497784385277401
