mean_mindful,sd_mindful
6.954104947998739,1.5803243395902902
