mean_mindful,sd_mindful,mean_achievement,sd_achievement,mean_stress,sd_stress
6.954104947998739,1.5803243395902902,1795.5628299894404,921.613914885654,32.66299212598425,4.080298368339034
