mean_mindful,sd_mindful,mean_achievement,sd_achievement,mean_stress,sd_stress
6.902749874434957,1.5524990907736465,55.27349973446628,5.543382553678209,32.73156046161566,4.049479666049105
